{
    "$schema": "https://schema.management.azure.com/schemas/2019-04-01/deploymentTemplate.json#",
    "contentVersion": "1.0.0.0",
    "parameters": {
   "zoneRedundant": {
      "type": "bool",
      "defaultValue": false
    }
    
    },
   
    "variables": {
        "availabilitySetNamewindow": "availabilitySet1",
        "availabilitySetNameubuntu": "availabilitySet2"

    },
    "resources": [
        
        
        
        
    
        {
            "name": "[toLower('Mohitvm1storage')]",
            "type": "Microsoft.Storage/storageAccounts",
            "apiVersion": "2021-04-01",
            "location": "[resourceGroup().location]",
            "tags": {
                "displayName": "Mohitvm1 Storage Account"
            },
            "sku": {
                "name": "Standard_LRS"
            },
            "kind": "Storage"
        },
        {
            "name": "Mohitvm1-PublicIP",
            "type": "Microsoft.Network/publicIPAddresses",
            "apiVersion": "2020-11-01",
            "location": "[resourceGroup().location]",
            "tags": {
                "displayName": "PublicIPAddress"
            },
            "properties": {
                "publicIPAllocationMethod": "Dynamic",
                "dnsSettings": {
                    "domainNameLabel": "[toLower('Mohitvm1')]"
                }
            }
        },
        {
            "name": "Mohitvm1-nsg",
            "type": "Microsoft.Network/networkSecurityGroups",
            "apiVersion": "2020-11-01",
            "location": "[resourceGroup().location]",
            "properties": {
                "securityRules": [
                    {
                        "name": "nsgRule1",
                        "properties": {
                            "description": "description",
                            "protocol": "Tcp",
                            "sourcePortRange": "*",
                            "destinationPortRange": "3389",
                            "sourceAddressPrefix": "*",
                            "destinationAddressPrefix": "*",
                            "access": "Allow",
                            "priority": 100,
                            "direction": "Inbound"
                        }
                    }
                ]
            }
        },
        
        {
            "name": "Mohitvm1-NetworkInterface",
            "type": "Microsoft.Network/networkInterfaces",
            "apiVersion": "2020-11-01",
            "location": "[resourceGroup().location]",
            "dependsOn": [
                "[resourceId('Microsoft.Network/publicIPAddresses', 'Mohitvm1-PublicIP')]",
                "[resourceId('Microsoft.Network/virtualNetworks', 'MohitVnet')]"
            ],
            "tags": {
                "displayName": "Mohitvm1 Network Interface"
            },
            "properties": {
                "ipConfigurations": [
                    {
                        "name": "ipConfig1",
                        "properties": {
                            "privateIPAllocationMethod": "Dynamic",
                            "publicIPAddress": {
                                "id": "[resourceId('Microsoft.Network/publicIPAddresses', 'Mohitvm1-PublicIP')]"
                            },
                            "subnet": {
                                "id": "[resourceId('Microsoft.Network/virtualNetworks/subnets', 'MohitVnet', 'Subnet-1')]"
                            }
                        }
                    }
                ]
            }
        },
        {
            "name": "Mohitvm1",
            "type": "Microsoft.Compute/virtualMachines",
            "apiVersion": "2021-03-01",
            "location": "[resourceGroup().location]",
            "dependsOn": [
                "[resourceId('Microsoft.Storage/storageAccounts', toLower('Mohitvm1storage'))]",
                "[resourceId('Microsoft.Network/networkInterfaces', 'Mohitvm1-NetworkInterface')]"
            ],
            "tags": {
                "displayName": "Mohitvm1"
            },
            "properties": {
                "hardwareProfile": {
                    "vmSize": "Standard_A2_v2"
                },
                "osProfile": {
                    "computerName": "Mohitvm1",
                    "adminUsername": "adminUsername",
                    "adminPassword": "adminPassword"
                },
                "storageProfile": {
                    "imageReference": {
                        "publisher": "MicrosoftWindowsServer",
                        "offer": "WindowsServer",
                        "sku": "2012-R2-Datacenter",
                        "version": "latest"
                    },
                    "osDisk": {
                        "name": "Mohitvm1OSDisk",
                        "caching": "ReadWrite",
                        "createOption": "FromImage"
                    }
                },
                "networkProfile": {
                    "networkInterfaces": [
                        {
                            "id": "[resourceId('Microsoft.Network/networkInterfaces', 'Mohitvm1-NetworkInterface')]"
                        }
                    ],
                     "availabilitySet": {
			"id": "[resourceId('Microsoft.Compute/availabilitySets', variables('availabilitySetNameWindow'))]"
		}
                },
                "diagnosticsProfile": {
                    "bootDiagnostics": {
                        "enabled": true,
                        "storageUri": "[reference(resourceId('Microsoft.Storage/storageAccounts/', toLower('Mohitvm1storage'))).primaryEndpoints.blob]"
                    }
                }
            }
        },
        {
            "name": "[toLower('MohitVM2storage')]",
            "type": "Microsoft.Storage/storageAccounts",
            "apiVersion": "2021-04-01",
            "location": "[resourceGroup().location]",
            "tags": {
                "displayName": "MohitVM2 Storage Account"
            },
            "sku": {
                "name": "Standard_LRS"
            },
            "kind": "Storage"
        },
        {
            "name": "MohitVM2-PublicIP",
            "type": "Microsoft.Network/publicIPAddresses",
            "apiVersion": "2020-11-01",
            "location": "[resourceGroup().location]",
            "tags": {
                "displayName": "PublicIPAddress"
            },
            "properties": {
                "publicIPAllocationMethod": "Dynamic",
                "dnsSettings": {
                    "domainNameLabel": "[toLower('MohitVM2')]"
                }
            }
        },
        {
            "name": "MohitVM2-nsg",
            "type": "Microsoft.Network/networkSecurityGroups",
            "apiVersion": "2020-11-01",
            "location": "[resourceGroup().location]",
            "properties": {
                "securityRules": [
                    {
                        "name": "nsgRule1",
                        "properties": {
                            "description": "description",
                            "protocol": "Tcp",
                            "sourcePortRange": "*",
                            "destinationPortRange": "3389",
                            "sourceAddressPrefix": "*",
                            "destinationAddressPrefix": "*",
                            "access": "Allow",
                            "priority": 100,
                            "direction": "Inbound"
                        }
                    }
                ]
            }
        },
        {
            "name": "MohitVM2-NetworkInterface",
            "type": "Microsoft.Network/networkInterfaces",
            "apiVersion": "2020-11-01",
            "location": "[resourceGroup().location]",
            "dependsOn": [
                "[resourceId('Microsoft.Network/publicIPAddresses', 'MohitVM2-PublicIP')]",
                "[resourceId('Microsoft.Network/virtualNetworks', 'MohitVnet')]"
            ],
            "tags": {
                "displayName": "MohitVM2 Network Interface"
            },
            "properties": {
                "ipConfigurations": [
                    {
                        "name": "ipConfig1",
                        "properties": {
                            "privateIPAllocationMethod": "Dynamic",
                            "publicIPAddress": {
                                "id": "[resourceId('Microsoft.Network/publicIPAddresses', 'MohitVM2-PublicIP')]"
                            },
                            "subnet": {
                                "id": "[resourceId('Microsoft.Network/virtualNetworks/subnets', 'MohitVnet', 'Subnet-2')]"
                            },
                            "loadBalancerBackendAddressPools": [
                {
                  "id": "[concat(resourceId('Microsoft.Network/loadBalancers','loadBalancerExternal1'),'/backendAddressPools/loadBalancerBackEndPool1')]"
                }
              ]
                            
                        }
                    }
                ]
            }
        },
        {
            "name": "MohitVM2",
            "type": "Microsoft.Compute/virtualMachines",
            "apiVersion": "2021-03-01",
            "location": "[resourceGroup().location]",
            "dependsOn": [
                "[resourceId('Microsoft.Storage/storageAccounts', toLower('MohitVM2storage'))]",
                "[resourceId('Microsoft.Network/networkInterfaces', 'MohitVM2-NetworkInterface')]"
            ],
            "tags": {
                "displayName": "MohitVM2"
            },
            "properties": {
                "hardwareProfile": {
                    "vmSize": "Standard_A2_v2"
                },
                "osProfile": {
                    "computerName": "MohitVM2",
                    "adminUsername": "adminUsername",
                    "adminPassword": "adminPassword"
                },
                "storageProfile": {
                    "imageReference": {
                        "publisher": "MicrosoftWindowsServer",
                        "offer": "WindowsServer",
                        "sku": "2012-R2-Datacenter",
                        "version": "latest"
                    },
                    "osDisk": {
                        "name": "MohitVM2OSDisk",
                        "caching": "ReadWrite",
                        "createOption": "FromImage"
                    }
                },
                "networkProfile": {
                    "networkInterfaces": [
                        {
                            "id": "[resourceId('Microsoft.Network/networkInterfaces', 'MohitVM2-NetworkInterface')]"
                        }
                    ],
                    "availabilitySet": {
			"id": "[resourceId('Microsoft.Compute/availabilitySets', variables('availabilitySetNameWindow'))]"
		}
                },
                "diagnosticsProfile": {
                    "bootDiagnostics": {
                        "enabled": true,
                        "storageUri": "[reference(resourceId('Microsoft.Storage/storageAccounts/', toLower('MohitVM2storage'))).primaryEndpoints.blob]"
                    }
                }
            }
        },
        {
            "name": "loadBalancerExternal1",
            "type": "Microsoft.Network/loadBalancers",
            "apiVersion": "2020-11-01",
            "location": "[resourceGroup().location]",
            "dependsOn": [
                "[resourceId('Microsoft.Network/publicIPAddresses', 'publicIP1')]"
            ],
            "properties": {
                "frontendIPConfigurations": [
                    {
                        "name": "loadBalancerFrontEnd1",
                        "properties": {
                            "publicIPAddress": {
                                "id": "[resourceId('Microsoft.Network/publicIPAddresses', 'publicIP1')]"
                            }
                        }
                    }
                ],
                "backendAddressPools": [
                    {
                        "name": "loadBalancerBackEndPool1"
                    }
                ],
                "inboundNatRules": [
                    {
                        "name": "natRule1",
                        "properties": {
                            "frontendIPConfiguration": {
                                "id": "[resourceId('Microsoft.Network/loadBalancers/frontendIPConfigurations', 'loadBalancerExternal1', 'loadBalancerFrontEnd1')]"
                            },
                            "protocol": "Tcp",
                            "frontendPort": 50001,
                            "backendPort": 3389,
                            "enableFloatingIP": false
                        }
                    }
                ],
                "loadBalancingRules": [
                    {
                        "name": "LBRule1",
                        "properties": {
                            "frontendIPConfiguration": {
                                "id": "[resourceId('Microsoft.Network/loadBalancers/frontendIPConfigurations', 'loadBalancerExternal1', 'loadBalancerFrontEnd1')]"
                            },
                            "backendAddressPool": {
                                "id": "[resourceId('Microsoft.Network/loadBalancers/backendAddressPools', 'loadBalancerExternal1', 'loadBalancerBackEndPool1')]"
                            },
                            "protocol": "Tcp",
                            "frontendPort": 80,
                            "backendPort": 80,
                            "enableFloatingIP": false,
                            "idleTimeoutInMinutes": 5,
                            "probe": {
                                "id": "[resourceId('Microsoft.Network/loadBalancers/probes', 'loadBalancerExternal1', 'tcpProbe1')]"
                            }
                        }
                    }
                ],
                "probes": [
                    {
                        "name": "tcpProbe1",
                        "properties": {
                            "protocol": "Tcp",
                            "port": 80,
                            "intervalInSeconds": 5,
                            "numberOfProbes": 2
                        }
                    }
                ]
            }
        },
        {
            "name": "publicIP1",
            "type": "Microsoft.Network/publicIPAddresses",
            "apiVersion": "2020-11-01",
            "location": "[resourceGroup().location]",
            "tags": {
                "displayName": "publicIP1"
            },
            "properties": {
                "publicIPAllocationMethod": "Dynamic",
                "dnsSettings": {
                    "domainNameLabel": "dnsname1"
                }
            }
        },
        {
            "name": "loadBalancerInternal1",
            "type": "Microsoft.Network/loadBalancers",
            "apiVersion": "2020-11-01",
            "location": "[resourceGroup().location]",
            "dependsOn": [
                "[resourceId('Microsoft.Network/virtualNetworks', 'virtualNetwork1')]"
            ],
            "properties": {
                "frontendIPConfigurations": [
                    {
                        "name": "loadBalancerFrontEnd1",
                        "properties": {
                            "privateIPAddress": "0.0.0.0",
                            "privateIPAllocationMethod": "Static",
                            "subnet": {
                                "id": "[resourceId('Microsoft.Network/virtualNetworks/subnets', 'virtualNetwork1', 'subnet3')]"
                            }
                        }
                    }
                ],
                "backendAddressPools": [
                    {
                        "name": "loadBalancerBackEndPool1"
                    }
                ],
                "loadBalancingRules": [
                    {
                        "name": "LBRule1",
                        "properties": {
                            "frontendIPConfiguration": {
                                "id": "[resourceId('Microsoft.Network/loadBalancers/frontendIPConfigurations', 'loadBalancerInternal1', 'loadBalancerFrontEnd1')]"
                            },
                            "backendAddressPool": {
                                "id": "[resourceId('Microsoft.Network/loadBalancers/backendAddressPools', 'loadBalancerInternal1', 'loadBalancerBackEndPool1')]"
                            },
                            "protocol": "Tcp",
                            "frontendPort": 80,
                            "backendPort": 80,
                            "enableFloatingIP": false,
                            "idleTimeoutInMinutes": 5,
                            "probe": {
                                "id": "[resourceId('Microsoft.Network/loadBalancers/probes', 'loadBalancerInternal1', 'tcpProbe1')]"
                            }
                        }
                    }
                ],
                "probes": [
                    {
                        "name": "tcpProbe1",
                        "properties": {
                            "protocol": "Tcp",
                            "port": 80,
                            "intervalInSeconds": 5,
                            "numberOfProbes": 2
                        }
                    }
                ]
            }
        },
        {
            "name": "MohitVnet",
            "type": "Microsoft.Network/virtualNetworks",
            "apiVersion": "2020-11-01",
            "location": "[resourceGroup().location]",
            "tags": {
                "displayName": "MohitVnet"
            },
            "properties": {
                "addressSpace": {
                    "addressPrefixes": [
                        "10.0.0.0/16"
                    ]
                },
                "subnets": [
                    {
                        "name": "Subnet-1",
                        "properties": {
                            "addressPrefix": "10.0.0.0/24"
                        }
                    },
                    {
                        "name": "Subnet-2",
                        "properties": {
                            "addressPrefix": "10.0.1.0/24"
                        }
                    },
                    {
                        "name": "Subnet-3",
                        "properties": {
                            "addressPrefix": "10.0.2.0/24"
                        }
                    }

                ]
            }
        },
        {
            "name": "availabilitySet1",
            "type": "Microsoft.Compute/availabilitySets",
            "apiVersion": "2021-03-01",
            "location": "[resourceGroup().location]",
            "tags": {
                "displayName": "availabilitySet1"
            },
            
            "properties": {
        "platformUpdateDomainCount": 2,
        "platformFaultDomainCount": 2
      }
        },
        
        {
            "name": "MohitUbuntu-PublicIP",
            "type": "Microsoft.Network/publicIPAddresses",
            "apiVersion": "2020-11-01",
            "location": "[resourceGroup().location]",
            "tags": {
                "displayName": "PublicIPAddress"
            },
            "properties": {
                "publicIPAllocationMethod": "Dynamic",
                "dnsSettings": {
                    "domainNameLabel": "[toLower('MohitUbuntu')]"
                }
            }
        },
        {
            "name": "MohitUbuntu-nsg",
            "type": "Microsoft.Network/networkSecurityGroups",
            "apiVersion": "2020-11-01",
            "location": "[resourceGroup().location]",
            "properties": {
                "securityRules": [
                    {
                        "name": "nsgRule1",
                        "properties": {
                            "description": "description",
                            "protocol": "Tcp",
                            "sourcePortRange": "*",
                            "destinationPortRange": "22",
                            "sourceAddressPrefix": "*",
                            "destinationAddressPrefix": "*",
                            "access": "Allow",
                            "priority": 100,
                            "direction": "Inbound"
                        }
                    }
                ]
            }
        },
        
        {
            "name": "MohitUbuntu-NetworkInterface",
            "type": "Microsoft.Network/networkInterfaces",
            "apiVersion": "2020-11-01",
            "location": "[resourceGroup().location]",
            "dependsOn": [
                "[resourceId('Microsoft.Network/virtualNetworks', 'MohitUbuntu-VirtualNetwork')]"
            ],
            "tags": {
                "displayName": "MohitUbuntu-NetworkInterface"
            },
            "properties": {
                "ipConfigurations": [
                    {
                        "name": "ipConfig1",
                        "properties": {
                            "privateIPAllocationMethod": "Dynamic",
                            "subnet": {
                                "id": "[resourceId('Microsoft.Network/virtualNetworks/subnets', 'MOHITVnet', 'Subnet-3')]"
                            },
                             "loadBalancerBackendAddressPools": [
                {
                  "id": "[concat(resourceId('Microsoft.Network/loadBalancers','loadBalancerInternal1'),'/backendAddressPools/loadBalancerBackEndPool1')]"
                }
              ]
                        }
                    }
                ]
            }
        },
        {
            "name": "MohitUbuntu",
            "type": "Microsoft.Compute/virtualMachines",
            "apiVersion": "2021-03-01",
            "location": "[resourceGroup().location]",
            "dependsOn": [
                "[resourceId('Microsoft.Network/networkInterfaces', 'MohitUbuntu-NetworkInterface')]"
            ],
            "tags": {
                "displayName": "MohitUbuntu"
            },
            "properties": {
                "hardwareProfile": {
                    "vmSize": "Standard_A2_v2"
                },
                "osProfile": {
                    "computerName": "MohitUbuntu",
                    "adminUsername": "adminUsername",
                    "adminPassword": "adminPassword"
                },
                "storageProfile": {
                    "imageReference": {
                        "publisher": "Canonical",
                        "offer": "UbuntuServer",
                        "sku": "16.04-LTS",
                        "version": "latest"
                    },
                    "osDisk": {
                        "name": "MohitUbuntu-OSDisk",
                        "caching": "ReadWrite",
                        "createOption": "FromImage"
                    }
                },
                "networkProfile": {
                    "networkInterfaces": [
                        {
                            "id": "[resourceId('Microsoft.Network/networkInterfaces', 'MohitUbuntu-NetworkInterface')]"
                        }
                    ],
                      "availabilitySet": {
			"id": "[resourceId('Microsoft.Compute/availabilitySets', variables('availabilitySetNameubuntu'))]"
		}
                }
              
            }
        },
        
       
        {
            "name": "MohitUbuntu2-nsg",
            "type": "Microsoft.Network/networkSecurityGroups",
            "apiVersion": "2020-11-01",
            "location": "[resourceGroup().location]",
            "properties": {
                "securityRules": [
                    {
                        "name": "nsgRule1",
                        "properties": {
                            "description": "description",
                            "protocol": "Tcp",
                            "sourcePortRange": "*",
                            "destinationPortRange": "22",
                            "sourceAddressPrefix": "*",
                            "destinationAddressPrefix": "*",
                            "access": "Allow",
                            "priority": 100,
                            "direction": "Inbound"
                        }
                    }
                ]
            }
        },
        
        {
            "name": "MohitUbuntu2-NetworkInterface",
            "type": "Microsoft.Network/networkInterfaces",
            "apiVersion": "2020-11-01",
            "location": "[resourceGroup().location]",
            "dependsOn": [
                "[resourceId('Microsoft.Network/virtualNetworks', 'MohitUbuntu2-VirtualNetwork')]"
            ],
            "tags": {
                "displayName": "MohitUbuntu2-NetworkInterface"
            },
            "properties": {
                "ipConfigurations": [
                    {
                        "name": "ipConfig1",
                        "properties": {
                            "privateIPAllocationMethod": "Dynamic",
                            "subnet": {
                                "id": "[resourceId('Microsoft.Network/virtualNetworks/subnets', 'MohitVnet', 'Subnet-3')]"
                            },
                             "loadBalancerBackendAddressPools": [
                {
                  "id": "[concat(resourceId('Microsoft.Network/loadBalancers','loadBalancerInternal1'),'/backendAddressPools/loadBalancerBackEndPool1')]"
                }
              ]
                            
                        }
                    }
                ]
            }
        },
        {
            "name": "MohitUbuntu2",
            "type": "Microsoft.Compute/virtualMachines",
            "apiVersion": "2021-03-01",
            "location": "[resourceGroup().location]",
            "dependsOn": [
                "[resourceId('Microsoft.Network/networkInterfaces', 'MohitUbuntu2-NetworkInterface')]"
            ],
            "tags": {
                "displayName": "MohitUbuntu2"
            },
            "properties": {
                "hardwareProfile": {
                    "vmSize": "Standard_A2_v2"
                },
                "osProfile": {
                    "computerName": "MohitUbuntu2",
                    "adminUsername": "adminUsername",
                    "adminPassword": "adminPassword"
                },
                "storageProfile": {
                    "imageReference": {
                        "publisher": "Canonical",
                        "offer": "UbuntuServer",
                        "sku": "16.04-LTS",
                        "version": "latest"
                    },
                    "osDisk": {
                        "name": "MohitUbuntu2-OSDisk",
                        "caching": "ReadWrite",
                        "createOption": "FromImage"
                    }
                },
                "networkProfile": {
                    "networkInterfaces": [
                        {
                            "id": "[resourceId('Microsoft.Network/networkInterfaces', 'MohitUbuntu2-NetworkInterface')]"
                        }
                    ],
                     "availabilitySet": {
			"id": "[resourceId('Microsoft.Compute/availabilitySets', variables('availabilitySetNameubuntu'))]"
		}
                }
              
            }
        },
        {
            "name": "availabillityset2",
            "type": "Microsoft.Compute/availabilitySets",
            "apiVersion": "2021-03-01",
            "location": "[resourceGroup().location]",
            "tags": {
                "displayName": "availabillityset2"
            },
            "properties":  {
        "platformUpdateDomainCount": 2,
        "platformFaultDomainCount": 2
      }
        },
        {
            "name": "sqlServer1/sqlDatabase1",
            "type": "Microsoft.Sql/servers/databases",
            "apiVersion": "2014-04-01",
            "location": "[resourceGroup().location]",
            "tags": {
                "displayName": "sqlDatabase1"
            },
            "dependsOn": [
                "[resourceId('Microsoft.Sql/servers', 'sqlServer1')]"
            ],
            "properties": {
                "collation": "SQL_Latin1_General_CP1_CI_AS",
                "edition": "Basic",
                "maxSizeBytes": "1073741824",
                 "zoneRedundant": "[parameters('zoneRedundant')]",
                "requestedServiceObjectiveName": "Basic"
            }
        },
        {
            "name": "sqlServer1",
            "type": "Microsoft.Sql/servers",
            "apiVersion": "2014-04-01",
            "location": "[resourceGroup().location]",
            "tags": {
                "displayName": "sqlServer1"
            },
            "properties": {
                "administratorLogin": "adminUsername",
                "administratorLoginPassword": "adminPassword"
            },
            "resources": [
                {
                    "type": "firewallRules",
                    "apiVersion": "2014-04-01",
                    "dependsOn": [
                        "[resourceId('Microsoft.Sql/servers', 'sqlServer1')]"
                    ],
                    "location": "[resourceGroup().location]",
                    "name": "AllowAllWindowsAzureIps",
                    "properties": {
                        "startIpAddress": "0.0.0.0",
                        "endIpAddress": "0.0.0.0"
                    }
                }
            ]
        },
        {
            "name": "sqlServer2",
            "type": "Microsoft.Sql/servers",
            "apiVersion": "2014-04-01",
             "dependsOn": [
                        "[resourceId('Microsoft.Sql/servers', 'sqlServer1')]",
                        "[resourceId('Microsoft.Sql/servers/databases','sqlServer1','sqlDatabase1')]"
                         
                         
                    ],
            "location": "East US",
            "tags": {
                "displayName": "sqlServer2"
            },
            "properties": {
                "administratorLogin": "adminUsername",
                "administratorLoginPassword": "adminPassword"
            },
            "resources": [
                {
                    "type": "firewallRules",
                    "apiVersion": "2014-04-01",
                    "dependsOn": [
                        "[resourceId('Microsoft.Sql/servers', 'sqlServer2')]"
                    ],
                    "location": "East US",
                    "name": "AllowAllWindowsAzureIps",
                    "properties": {
                        "startIpAddress": "0.0.0.0",
                        "endIpAddress": "0.0.0.0"
                    }
                }
            ]
        },
        {
            "name": "sqlServer2/sqlDatabase2",
            "type": "Microsoft.Sql/servers/databases",
            "apiVersion": "2014-04-01",
            "tags": {
                "displayName": "sqlDatabase2"
            },
            "dependsOn": [
                "[resourceId('Microsoft.Sql/servers', 'sqlServer2')]",
                 "[resourceId('Microsoft.Sql/servers', 'sqlServer1')]",
                  "[resourceId('Microsoft.Sql/servers/databases','sqlServer1','sqlDatabase1')]"
            ],
            "properties": {
                "collation": "SQL_Latin1_General_CP1_CI_AS",
                "edition": "Basic",
                "maxSizeBytes": "1073741824",
                "requestedServiceObjectiveName": "Basic"
            }
        }

    ],
        "outputs": {}
}